<?xml version="1.0" encoding="utf-8"?>
<install type="module" version="1.5.0">
    <name>JSEED CSCI SourceList</name>
    <author>Seeds of Diversity Canada</author>
    <version>1.5.0</version>
    <description>Module showing CSCI Varieties and Source Companies</description>
    <files>
        <filename module="mod_jseedcsci_sourcelist">mod_jseedcsci_sourcelist.php</filename>
        <filename>tmpl/default.php</filename>
        <filename>mod_jseedcsci_sourcelist.xml</filename>
    </files>
    <params>
    </params>
</install>
